document_type,display_name,api_host,api_endpoint,http_method,provider_kind,auth_profile,required_parameters,optional_parameters,default_parameters,response_format,expected_mime_type,timeout_seconds,retry_limit,target_processing_seconds,target_success_rate,max_file_size_bytes,filename_rule,enabled
digital_invoice,Digital Invoice,https://api.tijarabooks.com,/internal/pdf/DINV/{companyId}/{branch}/{year}/{documentNumber}?scode=0102010,GET,http,,documentNumber,,"companyId=1006|branch=GR|year=2026",binary,application/pdf,30,3,20,99,10485760,DINV-{documentNumber}-{year}.pdf,TRUE
sale_invoice,Sale Invoice,https://api.tijarabooks.com,/internal/pdf/SL/{companyId}/{branch}/{year}/{documentNumber}?scode=0102003,GET,http,,documentNumber,,"companyId=1006|branch=GR|year=2026",binary,application/pdf,30,3,20,99,10485760,SL-{documentNumber}-{year}.pdf,TRUE
purchase_invoice,Purchase Invoice,https://api.tijarabooks.com,/internal/pdf/PR/{companyId}/{branch}/{year}/{documentNumber}?scode=0102001,GET,http,,documentNumber,,"companyId=1006|branch=GR|year=2026",binary,application/pdf,30,3,20,99,10485760,PR-{documentNumber}-{year}.pdf,TRUE
sale_return,Sale Return,https://api.tijarabooks.com,/internal/pdf/SR/{companyId}/{branch}/{year}/{documentNumber}?scode=0102004,GET,http,,documentNumber,,"companyId=1006|branch=GR|year=2026",binary,application/pdf,30,3,20,99,10485760,SR-{documentNumber}-{year}.pdf,TRUE
purchase_return,Purchase Return,https://api.tijarabooks.com,/internal/pdf/RP/{companyId}/{branch}/{year}/{documentNumber}?scode=0102002,GET,http,,documentNumber,,"companyId=1006|branch=GR|year=2026",binary,application/pdf,30,3,20,99,10485760,RP-{documentNumber}-{year}.pdf,TRUE
payment_voucher,Payment Voucher,https://api.tijarabooks.com,/internal/pdf/CV/{companyId}/{branch}/{year}/{documentNumber},GET,http,,documentNumber,,"companyId=1006|branch=GR|year=2026",binary,application/pdf,30,3,20,99,10485760,CV-{documentNumber}-{year}.pdf,TRUE
receive_voucher,Receive Voucher,https://api.tijarabooks.com,/internal/pdf/DV/{companyId}/{branch}/{year}/{documentNumber},GET,http,,documentNumber,,"companyId=1006|branch=GR|year=2026",binary,application/pdf,30,3,20,99,10485760,DV-{documentNumber}-{year}.pdf,TRUE
general_ledger,General Ledger,https://api.tijarabooks.com,/internal/pdf/GL/{companyId}/{branch}/{year}/L?scode=0101001&from={from}&to={to}&lot=ALL,GET,http,,,"from|to","companyId=1006|branch=GR|year=2026",binary,application/pdf,30,3,20,99,10485760,General-Ledger-{year}.pdf,TRUE
customer_ledger,Customer Ledger,https://api.tijarabooks.com,/internal/pdf/CUSTOMER/{companyId}/{branch}/{year}/L?scode=0101001&from={from}&to={to}&lot=ALL,GET,http,,,"from|to","companyId=1006|branch=GR|year=2026",binary,application/pdf,30,3,20,99,10485760,Customer-Ledger-{year}.pdf,TRUE
vendor_ledger,Vendor Ledger,https://api.tijarabooks.com,/internal/pdf/VENDOR/{companyId}/{branch}/{year}/L?scode=0101001&from={from}&to={to}&lot=ALL,GET,http,,,"from|to","companyId=1006|branch=GR|year=2026",binary,application/pdf,30,3,20,99,10485760,Vendor-Ledger-{year}.pdf,TRUE
expense_ledger,Expense Ledger,https://api.tijarabooks.com,/internal/pdf/EXPENSE/{companyId}/{branch}/{year}/L?scode=0101001&from={from}&to={to}&lot=ALL,GET,http,,,"from|to","companyId=1006|branch=GR|year=2026",binary,application/pdf,30,3,20,99,10485760,Expense-Ledger-{year}.pdf,TRUE
